{
  "categories": [
    {
      "id": 0,
      "name": "Cardboard"
    },
    {
      "id": 1,
      "name": "Glass"
    },
    {
      "id": 2,
      "name": "Metal"
    },
    {
      "id": 3,
      "name": "Mixed\u00a0Waste"
    },
    {
      "id": 4,
      "name": "Organic Waste"
    },
    {
      "id": 5,
      "name": "Paper"
    },
    {
      "id": 6,
      "name": "Plastic"
    },
    {
      "id": 7,
      "name": "Textiles"
    }
  ],
  "info": {
    "year": 2025,
    "version": "1.0",
    "contributor": "Label Studio"
  }
}